{
  "aortaFrontal": {
    "cameraPosition": [
      [
        -206.48177057267034,
        165.20804243618306,
        33.73415727304436
      ]
    ],
    "focalPoint": [
      -7.7234883308410645,
      35.2066650390625,
      -166.5797119140625
    ],
    "viewUp": [
      0.7682879578021387,
      0.3722191721779495,
      0.5207557025701987
    ]
  },
  "aortaPosterior": {
    "cameraPosition": [
      [
        206.48177057267034,
        -165.20804243618306,
        -33.73415727304436
      ]
    ],
    "focalPoint": [
      -7.7234883308410645,
      35.2066650390625,
      -166.5797119140625
    ],
    "viewUp": [
      0.7682879578021387,
      0.3722191721779495,
      0.5207557025701987
    ]
  },
  "aortaLeft": {
    "cameraPosition": [
      [
        17.126222610473633,
        307.9734191894531,
        -318.9454345703125
      ]
    ],
    "focalPoint": [
      -7.7234883308410645,
      35.2066650390625,
      -166.5797119140625
    ],
    "viewUp": [
      0.7682879578021387,
      0.3722191721779495,
      0.5207557025701987
    ]
  },
  "aortaRight": {
    "cameraPosition": [
      [
        -17.126222610473633,
        -307.9734191894531,
        318.9454345703125
      ]
    ],
    "focalPoint": [
      -7.7234883308410645,
      35.2066650390625,
      -166.5797119140625
    ],
    "viewUp": [
      0.7682879578021387,
      0.3722191721779495,
      0.5207557025701987
    ]
  },
  "PLAFrontal": {
    "cameraPosition": [
      59.8464469909668,
      -10.821182250976562,
      -207.75027465820312
    ],
    "focalPoint": [
      -14.980908393859863,
      17.47296142578125,
      -215.72393798828125
    ],
    "viewUp": [
      0.7682879578021387,
      0.3722191721779495,
      0.5207557025701987
    ],
    "firstPathNode": 1051,
    "lastPathNode": 925
  },
  "RCAFrontal": {
    "cameraPosition": [
      116.02588653564453,
      3.3021240234375,
      -237.41493225097656
    ],
    "focalPoint": [
      16.16356658935547,
      60.85310363769531,
      -203.70257568359375
    ],
    "viewUp": [
      0.7682879578021387,
      0.3722191721779495,
      0.5207557025701987
    ],
    "firstPathNode": 1051,
    "lastPathNode": 1085
  },
  "LADFrontal": {
    "cameraPosition": [
      -62.83467102050781,
      116.80625915527344,
      18.37725830078125
    ],
    "focalPoint": [
      -59.22511672973633,
      50.47954177856445,
      -156.05743408203125
    ],
    "viewUp": [
      0.7682879578021387,
      0.3722191721779495,
      0.5207557025701987
    ],
    "firstPathNode": 822,
    "lastPathNode": 27
  },
  "CxFrontal": {
    "cameraPosition": [
      -123.6618881225586,
      13.700284004211426,
      -35.65287780761719
    ],
    "focalPoint": [
      -53.27848815917969,
      -1.5603561401367188,
      -167.00949096679688
    ],
    "viewUp": [
      0.7682879578021387,
      0.3722191721779495,
      0.5207557025701987
    ],
    "firstPathNode": 822,
    "lastPathNode": 139
  },
  "PDAFrontal": {
    "cameraPosition": [
      -25.24818992614746,
      76.81012725830078,
      -326.1949462890625
    ],
    "focalPoint": [
      -31.218219757080078,
      35.72472381591797,
      -234.5655059814453
    ],
    "viewUp": [
      0.7682879578021387,
      0.3722191721779495,
      0.5207557025701987
    ],
    "firstPathNode": 1051,
    "lastPathNode": 851
  }
}